"","month","day","year","totalEnergy","date","maxTemp","sunlightDuration"
"1",1,1,2014,30628.6896383,"2014-01-01",NA,607.7825752
"2",1,1,2014,30628.6896383,"2014-01-01",NA,607.6607525
"3",1,1,2015,16819.8043914,"2015-01-01",NA,607.7825752
"4",1,1,2015,16819.8043914,"2015-01-01",NA,607.6607525
"5",1,2,2014,36020.8421797,"2014-01-02",NA,608.3268383
"6",1,2,2015,34821.334892,"2015-01-02",NA,608.3268383
"7",1,3,2014,36832.980666,"2014-01-03",NA,608.914984
"8",1,3,2015,22295.112569,"2015-01-03",NA,608.914984
"9",1,4,2014,36280.1087952,"2014-01-04",NA,609.5464997
"10",1,4,2015,21879.926012532,"2015-01-04",NA,609.5464997
"11",1,5,2014,36285.3267973,"2014-01-05",NA,610.2208395
"12",1,5,2015,37848.9154309,"2015-01-05",NA,610.2208395
"13",1,6,2014,35365.1826547,"2014-01-06",NA,610.9374257
"14",1,6,2015,24220.52674445,"2015-01-06",NA,610.9374257
"15",1,7,2014,37098.0089045,"2014-01-07",NA,611.6956505
"16",1,7,2015,6303.2620031057,"2015-01-07",NA,611.6956505
"17",1,8,2014,39603.612975722,"2014-01-08",NA,612.494878
"18",1,8,2015,8927.3349032,"2015-01-08",NA,612.494878
"19",1,9,2014,33579.790434146,"2014-01-09",NA,613.3344459
"20",1,9,2015,10680.411968797,"2015-01-09",NA,613.3344459
"21",1,10,2014,14058.264813,"2014-01-10",NA,614.2136674
"22",1,10,2015,2345.90344009452,"2015-01-10",NA,614.2136674
"23",1,11,2014,15705.68724008,"2014-01-11",NA,615.1318331
"24",1,11,2015,23143.28326081,"2015-01-11",NA,615.1318331
"25",1,12,2014,20603.2991884,"2014-01-12",NA,616.0882129
"26",1,12,2015,41183.704944537,"2015-01-12",NA,616.0882129
"27",1,13,2014,34167.409464,"2014-01-13",NA,617.082058
"28",1,13,2015,39635.32538703,"2015-01-13",NA,617.082058
"29",1,14,2014,25224.92322641,"2014-01-14",NA,618.1126028
"30",1,14,2015,34342.26009405,"2015-01-14",NA,618.1126028
"31",1,15,2014,38725.6142586,"2014-01-15",NA,619.1790669
"32",1,15,2015,13988.5518917,"2015-01-15",NA,619.1790669
"33",1,16,2014,40041.86966,"2014-01-16",NA,620.2806569
"34",1,16,2015,26864.7655077,"2015-01-16",NA,620.2806569
"35",1,17,2014,36289.165405,"2014-01-17",NA,621.4165682
"36",1,17,2015,17579.4063349,"2015-01-17",NA,621.4165682
"37",1,18,2014,39333.748631,"2014-01-18",NA,622.585987
"38",1,18,2015,33203.431814,"2015-01-18",NA,622.585987
"39",1,19,2014,38523.5167102,"2014-01-19",NA,623.7880921
"40",1,19,2015,33867.4295788,"2015-01-19",NA,623.7880921
"41",1,20,2014,37235.421253,"2014-01-20",NA,625.0220566
"42",1,20,2015,40821.974080478,"2015-01-20",NA,625.0220566
"43",1,21,2014,40178.827588,"2014-01-21",NA,626.2870494
"44",1,21,2015,41717.35750994,"2015-01-21",NA,626.2870494
"45",1,22,2014,35988.1231107,"2014-01-22",NA,627.5822373
"46",1,22,2015,41558.315421,"2015-01-22",NA,627.5822373
"47",1,23,2014,31352.825796988,"2014-01-23",NA,628.906786
"48",1,23,2015,39895.968084914,"2015-01-23",NA,628.906786
"49",1,24,2014,41752.236633,"2014-01-24",NA,630.259862
"50",1,24,2015,37780.04616012,"2015-01-24",NA,630.259862
"51",1,25,2014,40039.5521026,"2014-01-25",NA,631.6406341
"52",1,25,2015,35449.260351,"2015-01-25",NA,631.6406341
"53",1,26,2014,13741.31849024,"2014-01-26",NA,633.0482743
"54",1,26,2015,25666.83172578,"2015-01-26",NA,633.0482743
"55",1,27,2014,26486.74151766,"2014-01-27",NA,634.4819597
"56",1,27,2015,24658.6727189,"2015-01-27",NA,634.4819597
"57",1,28,2014,30910.0401161,"2014-01-28",NA,635.9408731
"58",1,28,2015,27546.7846642,"2015-01-28",NA,635.9408731
"59",1,29,2014,43928.305399,"2014-01-29",NA,637.4242044
"60",1,29,2015,40729.2534893,"2015-01-29",NA,637.4242044
"61",1,30,2014,43072.185889,"2014-01-30",NA,638.931152
"62",1,30,2015,45425.695763,"2015-01-30",NA,638.931152
"63",1,31,2014,38096.272111,"2014-01-31",NA,640.4609231
"64",1,31,2015,44002.633728,"2015-01-31",NA,640.4609231
"65",2,1,2014,41815.135208023,"2014-02-01",NA,642.0127351
"66",2,1,2015,43639.8322146,"2015-02-01",NA,642.0127351
"67",2,2,2014,12776.936747827,"2014-02-02",NA,643.585816
"68",2,2,2015,43183.66821934,"2015-02-02",NA,643.585816
"69",2,3,2014,34988.589102552,"2014-02-03",NA,645.1794058
"70",2,3,2015,44111.4155877,"2015-02-03",NA,645.1794058
"71",2,4,2014,20995.59670828,"2014-02-04",NA,646.7927563
"72",2,4,2015,38595.528129129,"2015-02-04",NA,646.7927563
"73",2,5,2014,48938.478549604,"2014-02-05",NA,648.4251323
"74",2,5,2015,45203.8994860043,"2015-02-05",NA,648.4251323
"75",2,6,2014,28499.01140008,"2014-02-06",NA,650.0758122
"76",2,6,2015,28412.355164624,"2015-02-06",NA,650.0758122
"77",2,7,2014,44886.26195598,"2014-02-07",NA,651.7440877
"78",2,7,2015,45049.882139836,"2015-02-07",NA,651.7440877
"79",2,8,2014,47571.620299,"2014-02-08",NA,653.429265
"80",2,8,2015,31953.915701,"2015-02-08",NA,653.429265
"81",2,9,2014,48722.2464943,"2014-02-09",NA,655.1306647
"82",2,9,2015,46287.7331333,"2015-02-09",NA,655.1306647
"83",2,10,2014,49189.23985952,"2014-02-10",NA,656.8476222
"84",2,10,2015,46035.4750856,"2015-02-10",NA,656.8476222
"85",2,11,2014,48092.26542125,"2014-02-11",NA,658.5794876
"86",2,11,2015,34596.9076141,"2015-02-11",NA,658.5794876
"87",2,12,2014,50471.750569775,"2014-02-12",NA,660.3256265
"88",2,12,2015,43719.029867312,"2015-02-12",NA,660.3256265
"89",2,13,2014,49531.56123515,"2014-02-13",NA,662.0854191
"90",2,13,2015,32219.4360807,"2015-02-13",NA,662.0854191
"91",2,14,2014,41062.100908,"2014-02-14",NA,663.8582611
"92",2,14,2015,44917.19391,"2015-02-14",NA,663.8582611
"93",2,15,2014,33650.017477013,"2014-02-15",NA,665.6435634
"94",2,15,2015,21462.035362,"2015-02-15",NA,665.6435634
"95",2,16,2014,23253.941942,"2014-02-16",NA,667.4407518
"96",2,16,2015,36920.671786,"2015-02-16",NA,667.4407518
"97",2,17,2014,42333.616232063,"2014-02-17",NA,669.2492672
"98",2,17,2015,34663.3543975,"2015-02-17",NA,669.2492672
"99",2,18,2014,50671.951979692,"2014-02-18",NA,671.0685652
"100",2,18,2015,28119.6459449,"2015-02-18",NA,671.0685652
"101",2,19,2014,52765.49981925,"2014-02-19",NA,672.8981162
"102",2,19,2015,20068.8941898,"2015-02-19",NA,672.8981162
"103",2,20,2014,51993.73197219,"2014-02-20",NA,674.7374049
"104",2,20,2015,12387.375179932,"2015-02-20",NA,674.7374049
"105",2,21,2014,47820.7188589,"2014-02-21",NA,676.5859304
"106",2,21,2015,26346.02792894,"2015-02-21",NA,676.5859304
"107",2,22,2014,51619.182105,"2014-02-22",NA,678.4432053
"108",2,22,2015,39530.6596346176,"2015-02-22",NA,678.4432053
"109",2,23,2014,45847.4406679,"2014-02-23",NA,680.3087562
"110",2,23,2015,32919.7898836,"2015-02-23",NA,680.3087562
"111",2,24,2014,50439.196318,"2014-02-24",NA,682.1821226
"112",2,24,2015,31051.04973776,"2015-02-24",NA,682.1821226
"113",2,25,2014,36785.263099,"2014-02-25",NA,684.0628572
"114",2,25,2015,51891.436316,"2015-02-25",NA,684.0628572
"115",2,26,2014,28731.166128,"2014-02-26",NA,685.9505249
"116",2,26,2015,55943.556842,"2015-02-26",NA,685.9505249
"117",2,27,2014,37269.954951,"2014-02-27",NA,687.844703
"118",2,27,2015,53122.53974968,"2015-02-27",NA,687.844703
"119",2,28,2014,57053.96479925,"2014-02-28",NA,689.7449804
"120",2,28,2015,43383.7329187,"2015-02-28",NA,689.7449804
"121",3,1,2013,36232.41101578,"2013-03-01",10.5,691.6509571
"122",3,1,2014,47074.60949819,"2014-03-01",NA,691.6509571
"123",3,1,2015,53539.1624775,"2015-03-01",12.9,691.6509571
"124",3,2,2013,54768.504345717,"2013-03-02",17.3,693.5622441
"125",3,2,2014,40257.405371773,"2014-03-02",NA,693.5622441
"126",3,2,2015,41041.250869606,"2015-03-02",10.7,693.5622441
"127",3,3,2013,42423.225358,"2013-03-03",22.8,695.4784628
"128",3,3,2014,41343.2622674,"2014-03-03",NA,695.4784628
"129",3,3,2015,56161.6797287,"2015-03-03",12.7,695.4784628
"130",3,4,2013,51786.63026722,"2013-03-04",11.4,697.3992444
"131",3,4,2014,53254.44430239,"2014-03-04",NA,697.3992444
"132",3,4,2015,16736.724404578,"2015-03-04",9.3,697.3992444
"133",3,5,2013,43116.0295508,"2013-03-05",10.1,699.3242295
"134",3,5,2014,53178.78701967,"2014-03-05",NA,699.3242295
"135",3,5,2015,56585.4920511,"2015-03-05",13.5,699.3242295
"136",3,6,2013,57280.110414,"2013-03-06",10.3,701.2530677
"137",3,6,2014,51904.86246905,"2014-03-06",NA,701.2530677
"138",3,6,2015,59097.13015303,"2015-03-06",17.8,701.2530677
"139",3,7,2013,59289.435174502,"2013-03-07",12.5,703.1854171
"140",3,7,2014,53709.478707805,"2014-03-07",NA,703.1854171
"141",3,7,2015,56037.88288823,"2015-03-07",20.1,703.1854171
"142",3,8,2013,50717.674448,"2013-03-08",17.8,705.1209435
"143",3,8,2014,22906.85821982,"2014-03-08",NA,705.1209435
"144",3,8,2015,54662.74782988,"2015-03-08",20.8,705.1209435
"145",3,9,2013,58210.33352249,"2013-03-09",14.6,707.0593206
"146",3,9,2014,21495.2608545,"2014-03-09",NA,707.0593206
"147",3,9,2015,53288.68758056,"2015-03-09",22.4,707.0593206
"148",3,10,2013,58233.4577982,"2013-03-10",14,709.0002285
"149",3,10,2014,39407.6189203,"2014-03-10",NA,709.0002285
"150",3,10,2015,49440.2454459,"2015-03-10",23.2,709.0002285
"151",3,11,2013,58565.1720894,"2013-03-11",20,710.9433541
"152",3,11,2014,51033.265444312,"2014-03-11",NA,710.9433541
"153",3,11,2015,49839.2336188,"2015-03-11",21.2,710.9433541
"154",3,12,2013,55648.445773,"2013-03-12",25.2,712.88839
"155",3,12,2014,32081.32743191,"2014-03-12",NA,712.88839
"156",3,12,2015,28710.968697326,"2015-03-12",10.8,712.88839
"157",3,13,2013,59724.8152665,"2013-03-13",22.7,714.8350345
"158",3,13,2014,14453.02937,"2014-03-13",NA,714.8350345
"159",3,13,2015,54955.690279,"2015-03-13",13.1,714.8350345
"160",3,14,2013,57150.085061,"2013-03-14",26.5,716.7829903
"161",3,14,2014,36350.5743613,"2014-03-14",NA,716.7829903
"162",3,14,2015,59369.071815,"2015-03-14",14.2,716.7829903
"163",3,15,2013,53748.474045875,"2013-03-15",27.7,718.7319649
"164",3,15,2014,37571.8573663,"2014-03-15",NA,718.7319649
"165",3,15,2015,57441.8926625,"2015-03-15",13.7,718.7319649
"166",3,16,2013,48528.337456,"2013-03-16",13.1,720.6816695
"167",3,16,2014,58622.8840357,"2014-03-16",NA,720.6816695
"168",3,16,2015,59979.748400125,"2015-03-16",11.7,720.6816695
"169",3,17,2013,25246.653876,"2013-03-17",8,722.6318185
"170",3,17,2014,33199.4709355,"2014-03-17",NA,722.6318185
"171",3,17,2015,57435.350208072,"2015-03-17",15,722.6318185
"172",3,18,2013,50773.407356,"2013-03-18",11.2,724.5821293
"173",3,18,2014,36265.740548,"2014-03-18",NA,724.5821293
"174",3,18,2015,62365.32446403,"2015-03-18",16.2,724.5821293
"175",3,19,2013,47197.8106643,"2013-03-19",15.5,726.5323215
"176",3,19,2014,60370.2066607,"2014-03-19",NA,726.5323215
"177",3,19,2015,49820.71786877,"2015-03-19",11.7,726.5323215
"178",3,20,2013,63917.55576309,"2013-03-20",17.5,728.4821165
"179",3,20,2014,61298.8686011,"2014-03-20",NA,728.4821165
"180",3,20,2015,40826.7456392,"2015-03-20",10,728.4821165
"181",3,21,2013,63886.052056,"2013-03-21",21.6,730.4312371
"182",3,21,2014,65807.5293846,"2014-03-21",NA,730.4312371
"183",3,21,2015,55602.1481028,"2015-03-21",11.5,730.4312371
"184",3,22,2013,43622.230229,"2013-03-22",24.5,732.3794068
"185",3,22,2014,64795.63073743,"2014-03-22",NA,732.3794068
"186",3,22,2015,45342.6596038,"2015-03-22",9.5,732.3794068
"187",3,23,2013,50217.5329014,"2013-03-23",11.1,734.3263492
"188",3,23,2014,48867.7264634,"2014-03-23",NA,734.3263492
"189",3,23,2015,61316.857536,"2015-03-23",14.7,734.3263492
"190",3,24,2013,66976.24973217,"2013-03-24",13.9,736.2717878
"191",3,24,2014,58317.90750919,"2014-03-24",NA,736.2717878
"192",3,24,2015,60851.82801,"2015-03-24",17.9,736.2717878
"193",3,25,2013,67728.21278415,"2013-03-25",20.8,738.2154456
"194",3,25,2014,49508.325826,"2014-03-25",NA,738.2154456
"195",3,25,2015,58646.964681,"2015-03-25",19.6,738.2154456
"196",3,26,2013,61836.203401125,"2013-03-26",25.4,740.1570441
"197",3,26,2014,68192.00318425,"2014-03-26",NA,740.1570441
"198",3,26,2015,63277.8494305,"2015-03-26",18.9,740.1570441
"199",3,27,2013,56561.472555826,"2013-03-27",15,742.0963031
"200",3,27,2014,65602.993843495,"2014-03-27",NA,742.0963031
"201",3,27,2015,51224.305766,"2015-03-27",22.7,742.0963031
"202",3,28,2013,67670.79894586,"2013-03-28",18.9,744.0329403
"203",3,28,2014,65231.4370324424,"2014-03-28",NA,744.0329403
"204",3,28,2015,49743.926545,"2015-03-28",20,744.0329403
"205",3,29,2013,65773.76875393,"2013-03-29",20,745.9666707
"206",3,29,2014,66924.6930319,"2014-03-29",NA,745.9666707
"207",3,29,2015,50297.20927733,"2015-03-29",17.4,745.9666707
"208",3,30,2013,60082.7161797,"2013-03-30",22.6,747.8972063
"209",3,30,2014,54917.9782974,"2014-03-30",NA,747.8972063
"210",3,30,2015,59028.362295,"2015-03-30",14.6,747.8972063
"211",3,31,2013,55618.7686115,"2013-03-31",26.6,749.8242552
"212",3,31,2014,67789.67556558,"2014-03-31",NA,749.8242552
"213",3,31,2015,66508.9307296,"2015-03-31",15.8,749.8242552
"214",4,1,2013,54563.4978764,"2013-04-01",23.5,751.7475216
"215",4,1,2014,64964.79217158,"2014-04-01",NA,751.7475216
"216",4,1,2015,20957.69566887,"2015-04-01",10.8,751.7475216
"217",4,2,2013,66344.9229004,"2013-04-02",18.4,753.6667052
"218",4,2,2014,64260.645839,"2014-04-02",NA,753.6667052
"219",4,2,2015,66549.8653385,"2015-04-02",16.8,753.6667052
"220",4,3,2013,66192.696047,"2013-04-03",22,755.5815008
"221",4,3,2014,67638.6517856,"2014-04-03",NA,755.5815008
"222",4,3,2015,63883.9438384,"2015-04-03",17.8,755.5815008
"223",4,4,2013,61795.25111253,"2013-04-04",18.4,757.4915975
"224",4,4,2014,67745.4584915,"2014-04-04",NA,757.4915975
"225",4,4,2015,52234.4262635,"2015-04-04",13.3,757.4915975
"226",4,5,2013,32792.913798024,"2013-04-05",11.3,759.396679
"227",4,5,2014,69008.890044,"2014-04-05",NA,759.396679
"228",4,5,2015,70235.675775,"2015-04-05",18.7,759.396679
"229",4,6,2013,70815.847672,"2013-04-06",19.1,761.2964222
"230",4,6,2014,66110.835661,"2014-04-06",NA,761.2964222
"231",4,6,2015,68853.8423492,"2015-04-06",21.2,761.2964222
"232",4,7,2013,68643.030577712,"2013-04-07",27.1,763.1904979
"233",4,7,2014,63014.6236753,"2014-04-07",NA,763.1904979
"234",4,7,2015,66235.180233,"2015-04-07",25.1,763.1904979
"235",4,8,2013,66572.561003,"2013-04-08",24.1,765.0785695
"236",4,8,2014,70002.605952225,"2014-04-08",NA,765.0785695
"237",4,8,2015,63369.345594,"2015-04-08",28.3,765.0785695
"238",4,9,2013,42044.6524383,"2013-04-09",13.9,766.9602929
"239",4,9,2014,59716.008375,"2014-04-09",NA,766.9602929
"240",4,9,2015,35216.16681355,"2015-04-09",23.4,766.9602929
"241",4,10,2013,53157.40641549,"2013-04-10",13.3,768.8353163
"242",4,10,2014,55313.928445624,"2014-04-10",NA,768.8353163
"243",4,10,2015,42544.021540175,"2015-04-10",9,768.8353163
"244",4,11,2013,56119.41296,"2013-04-11",15.2,770.7032798
"245",4,11,2014,69538.888403658,"2014-04-11",NA,770.7032798
"246",4,11,2015,44579.204372501,"2015-04-11",8.2,770.7032798
"247",4,12,2013,74167.0737811177,"2013-04-12",17.6,772.5638148
"248",4,12,2014,56918.234171456,"2014-04-12",NA,772.5638148
"249",4,12,2015,35051.443018665,"2015-04-12",6.3,772.5638148
"250",4,13,2013,70952.8536741,"2013-04-13",17.3,774.4165437
"251",4,13,2014,63293.00583199,"2014-04-13",NA,774.4165437
"252",4,13,2015,50096.52440423,"2015-04-13",11.9,774.4165437
"253",4,14,2013,72672.3907114,"2013-04-14",20.4,776.2610801
"254",4,14,2014,69533.996128264,"2014-04-14",NA,776.2610801
"255",4,14,2015,60124.0291866,"2015-04-14",14.3,776.2610801
"256",4,15,2013,74660.7565826,"2013-04-15",21.2,778.0970277
"257",4,15,2014,48664.73627823,"2014-04-15",NA,778.0970277
"258",4,15,2015,70859.904263773,"2015-04-15",16.9,778.0970277
"259",4,16,2013,52996.78659624,"2013-04-16",12.9,779.9239806
"260",4,16,2014,65947.1783518,"2014-04-16",NA,779.9239806
"261",4,16,2015,46805.163419155,"2015-04-16",12.9,779.9239806
"262",4,17,2013,55645.858638,"2013-04-17",10.9,781.7415229
"263",4,17,2014,71433.445760875,"2014-04-17",NA,781.7415229
"264",4,17,2015,67744.154437376,"2015-04-17",15,781.7415229
"265",4,18,2013,36780.2458231,"2013-04-18",12.9,783.5492282
"266",4,18,2014,68279.9513651,"2014-04-18",NA,783.5492282
"267",4,18,2015,72649.6176228,"2015-04-18",17.4,783.5492282
"268",4,19,2013,51703.32830688,"2013-04-19",13,785.3466598
"269",4,19,2014,53445.819476,"2014-04-19",NA,785.3466598
"270",4,19,2015,72132.44473725,"2015-04-19",20.7,785.3466598
"271",4,20,2013,50759.8201496,"2013-04-20",10.7,787.1333702
"272",4,20,2014,59963.6429429,"2014-04-20",NA,787.1333702
"273",4,20,2015,68172.731153,"2015-04-20",24.9,787.1333702
"274",4,21,2013,17461.4068432187,"2013-04-21",9,788.9089011
"275",4,21,2014,73525.9233689,"2014-04-21",NA,788.9089011
"276",4,21,2015,75625.90660164,"2015-04-21",17.7,788.9089011
"277",4,22,2013,41917.3224105,"2013-04-22",11.2,790.672783
"278",4,22,2014,69342.3193317,"2014-04-22",NA,790.672783
"279",4,22,2015,53968.9587022,"2015-04-22",14.7,790.672783
"280",4,23,2013,67175.45716632,"2013-04-23",16.9,792.4245354
"281",4,23,2014,64981.57324624,"2014-04-23",NA,792.4245354
"282",4,23,2015,46279.316777,"2015-04-23",10.5,792.4245354
"283",4,24,2013,76337.299723732,"2013-04-24",22.1,794.1636665
"284",4,24,2014,61565.996631,"2014-04-24",NA,794.1636665
"285",4,24,2015,73771.312557135,"2015-04-24",12.2,794.1636665
"286",4,25,2013,76482.054270032,"2013-04-25",23.5,795.8896732
"287",4,25,2014,62075.528962,"2014-04-25",NA,795.8896732
"288",4,25,2015,77671.63157232,"2015-04-25",18.8,795.8896732
"289",4,26,2013,76674.9386952,"2013-04-26",25.2,797.6020411
"290",4,26,2014,68468.1234529,"2014-04-26",NA,797.6020411
"291",4,26,2015,72929.6409275,"2015-04-26",22.8,797.6020411
"292",4,27,2013,75272.81824882,"2013-04-27",26.7,799.3002445
"293",4,27,2014,71688.7326906,"2014-04-27",NA,799.3002445
"294",4,27,2015,69112.04312745,"2015-04-27",26.4,799.3002445
"295",4,28,2013,74697.2426595,"2013-04-28",26.8,800.9837465
"296",4,28,2014,71388.4957626,"2014-04-28",NA,800.9837465
"297",4,28,2015,69868.7229275,"2015-04-28",27.8,800.9837465
"298",4,29,2013,74745.9495545,"2013-04-29",26.8,802.6519987
"299",4,29,2014,70547.55134296,"2014-04-29",NA,802.6519987
"300",4,29,2015,69920.9225045,"2015-04-29",29.9,802.6519987
"301",4,30,2013,71195.024197,"2013-04-30",28.7,804.3044421
"302",4,30,2014,71481.211805,"2014-04-30",NA,804.3044421
"303",4,30,2015,76407.549205,"2015-04-30",19.5,804.3044421
"304",5,1,2013,65927.11700053,"2013-05-01",27.4,805.9405064
"305",5,1,2014,69244.4615006,"2014-05-01",NA,805.9405064
"306",5,1,2015,76532.25935607,"2015-05-01",19.9,805.9405064
"307",5,2,2013,69385.2096,"2013-05-02",26,807.5596107
"308",5,2,2014,73735.246058,"2014-05-02",NA,807.5596107
"309",5,2,2015,76653.8633795,"2015-05-02",20,807.5596107
"310",5,3,2013,52984.2783215,"2013-05-03",27.2,809.1611638
"311",5,3,2014,69412.4164574,"2014-05-03",NA,809.1611638
"312",5,3,2015,75467.52026581,"2015-05-03",21.1,809.1611638
"313",5,4,2013,68243.680398,"2013-05-04",27.4,810.7445641
"314",5,4,2014,66861.552778,"2014-05-04",NA,810.7445641
"315",5,4,2015,76813.0874405,"2015-05-04",17.8,810.7445641
"316",5,5,2013,73756.851086,"2013-05-05",25.9,812.3092003
"317",5,5,2014,43580.306073,"2014-05-05",NA,812.3092003
"318",5,5,2015,74518.133428797,"2015-05-05",20.1,812.3092003
"319",5,6,2013,74688.318238,"2013-05-06",23.4,813.8544517
"320",5,6,2014,27310.858588,"2014-05-06",NA,813.8544517
"321",5,6,2015,74051.736779,"2015-05-06",22.7,813.8544517
"322",5,7,2013,72422.986143,"2013-05-07",24.6,815.3796884
"323",5,7,2014,64754.748327612,"2014-05-07",NA,815.3796884
"324",5,7,2015,73750.21303,"2015-05-07",23.4,815.3796884
"325",5,8,2013,69230.96696,"2013-05-08",24.8,816.8842722
"326",5,8,2014,32516.6410932,"2014-05-08",NA,816.8842722
"327",5,8,2015,76394.85018978,"2015-05-08",22.1,816.8842722
"328",5,9,2013,64790.5972203,"2013-05-09",25.3,818.3675567
"329",5,9,2014,74504.2860484,"2014-05-09",NA,818.3675567
"330",5,9,2015,72849.76820314,"2015-05-09",24.9,818.3675567
"331",5,10,2013,63148.4312,"2013-05-10",24.9,819.8288881
"332",5,10,2014,73934.518864476,"2014-05-10",NA,819.8288881
"333",5,10,2015,58378.477003,"2015-05-10",18,819.8288881
"334",5,11,2013,73484.22256225,"2013-05-11",20.9,821.2676059
"335",5,11,2014,77652.12653116,"2014-05-11",NA,821.2676059
"336",5,11,2015,61151.67934474,"2015-05-11",20.2,821.2676059
"337",5,12,2013,62228.0898903,"2013-05-12",17.9,822.6830436
"338",5,12,2014,57256.303366,"2014-05-12",NA,822.6830436
"339",5,12,2015,71131.429512376,"2015-05-12",21.2,822.6830436
"340",5,13,2013,63202.702829497,"2013-05-13",23.1,824.0745291
"341",5,13,2014,67841.85172105,"2014-05-13",NA,824.0745291
"342",5,13,2015,63919.816573805,"2015-05-13",21.8,824.0745291
"343",5,14,2013,80919.02958,"2013-05-14",18.9,825.4413859
"344",5,14,2014,80802.71181005,"2014-05-14",NA,825.4413859
"345",5,14,2015,50247.395197294,"2015-05-14",15.5,825.4413859
"346",5,15,2013,55862.3844658,"2013-05-15",15.6,826.7829337
"347",5,15,2014,77927.6200734,"2014-05-15",NA,826.7829337
"348",5,15,2015,79307.91654,"2015-05-15",20.2,826.7829337
"349",5,16,2013,54551.7373227,"2013-05-16",18.5,828.0984894
"350",5,16,2014,69227.772747984,"2014-05-16",NA,828.0984894
"351",5,16,2015,77861.31343763,"2015-05-16",25.3,828.0984894
"352",5,17,2013,65223.748844,"2013-05-17",23.7,829.3873681
"353",5,17,2014,77217.3052384,"2014-05-17",NA,829.3873681
"354",5,17,2015,77198.3145882,"2015-05-17",28.4,829.3873681
"355",5,18,2013,71707.544782,"2013-05-18",28,830.6488839
"356",5,18,2014,80568.3860466,"2014-05-18",NA,830.6488839
"357",5,18,2015,74353.0437937,"2015-05-18",31.1,830.6488839
"358",5,19,2013,67383.018357,"2013-05-19",27.2,831.8823509
"359",5,19,2014,75143.8271785,"2014-05-19",NA,831.8823509
"360",5,19,2015,71130.8746957,"2015-05-19",32.9,831.8823509
"361",5,20,2013,82381.3878,"2013-05-20",21.9,833.0870846
"362",5,20,2014,74271.7799532,"2014-05-20",NA,833.0870846
"363",5,20,2015,77501.7708397,"2015-05-20",27.9,833.0870846
"364",5,21,2013,71897.5886284,"2013-05-21",24.3,834.2624029
"365",5,21,2014,72497.523528,"2014-05-21",NA,834.2624029
"366",5,21,2015,77700.4645863,"2015-05-21",20.9,834.2624029
"367",5,22,2013,78072.2373996,"2013-05-22",27,835.4076271
"368",5,22,2014,73180.9529852,"2014-05-22",NA,835.4076271
"369",5,22,2015,69920.7293191,"2015-05-22",19.7,835.4076271
"370",5,23,2013,74980.411208,"2013-05-23",29.4,836.5220831
"371",5,23,2014,78547.510543,"2014-05-23",NA,836.5220831
"372",5,23,2015,74480.161019,"2015-05-23",23,836.5220831
"373",5,24,2013,76002.999462,"2013-05-24",31.2,837.605103
"374",5,24,2014,79730.9884033,"2014-05-24",NA,837.605103
"375",5,24,2015,68850.744041,"2015-05-24",28.3,837.605103
"376",5,25,2013,75012.15696065,"2013-05-25",24.4,838.6560258
"377",5,25,2014,78802.764717,"2014-05-25",NA,838.6560258
"378",5,25,2015,70856.154655,"2015-05-25",31.6,838.6560258
"379",5,26,2013,83436.551032594,"2013-05-26",21.6,839.6741992
"380",5,26,2014,79386.341297,"2014-05-26",NA,839.6741992
"381",5,26,2015,65523.0193598,"2015-05-26",29.7,839.6741992
"382",5,27,2013,83382.176788,"2013-05-27",22.4,840.6589808
"383",5,27,2014,74683.192374,"2014-05-27",NA,840.6589808
"384",5,27,2015,67980.60350325,"2015-05-27",35,840.6589808
"385",5,28,2013,82642.299243,"2013-05-28",24,841.6097391
"386",5,28,2014,77007.8450481,"2014-05-28",NA,841.6097391
"387",5,28,2015,64825.82261,"2015-05-28",26.9,841.6097391
"388",5,29,2013,72230.576289125,"2013-05-29",30.4,842.5258552
"389",5,29,2014,71014.347638,"2014-05-29",NA,842.5258552
"390",5,29,2015,67087.320786,"2015-05-29",19,842.5258552
"391",5,30,2013,78956.372447,"2013-05-30",30.8,843.4067242
"392",5,30,2014,73887.235244,"2014-05-30",NA,843.4067242
"393",5,30,2015,61057.933493312,"2015-05-30",18.7,843.4067242
"394",5,31,2013,78645.239181376,"2013-05-31",29.6,844.251756
"395",5,31,2014,55419.0377365,"2014-05-31",NA,844.251756
"396",5,31,2015,70440.8148811,"2015-05-31",21.9,844.251756
"397",6,1,2013,79264.116954,"2013-06-01",28.2,845.0603775
"398",6,1,2014,82408.352294,"2014-06-01",NA,845.0603775
"399",6,1,2015,77673.789008761,"2015-06-01",21,845.0603775
"400",6,2,2013,73523.80618925,"2013-06-02",33.4,845.8320332
"401",6,2,2014,78689.5623027,"2014-06-02",NA,845.8320332
"402",6,2,2015,78358.0153442,"2015-06-02",23.4,845.8320332
"403",6,3,2013,76854.39123338,"2013-06-03",30.1,846.566187
"404",6,3,2014,73922.166505605,"2014-06-03",NA,846.566187
"405",6,3,2015,76074.746573571,"2015-06-03",24.8,846.566187
"406",6,4,2013,80265.84035236,"2013-06-04",22.6,847.2623231
"407",6,4,2014,65155.9931464,"2014-06-04",NA,847.2623231
"408",6,4,2015,78915.293520624,"2015-06-04",22.6,847.2623231
"409",6,5,2013,78482.788415,"2013-06-05",24.1,847.9199478
"410",6,5,2014,59146.772068,"2014-06-05",NA,847.9199478
"411",6,5,2015,74073.95482372,"2015-06-05",20.7,847.9199478
"412",6,6,2013,80072.498012816,"2013-06-06",26.7,848.5385902
"413",6,6,2014,61585.900846,"2014-06-06",NA,848.5385902
"414",6,6,2015,72467.549874,"2015-06-06",22,848.5385902
"415",6,7,2013,81350.1639063,"2013-06-07",23.7,849.1178039
"416",6,7,2014,65294.391198125,"2014-06-07",NA,849.1178039
"417",6,7,2015,72580.920144,"2015-06-07",26.5,849.1178039
"418",6,8,2013,71245.0763305,"2013-06-08",31.4,849.6571677
"419",6,8,2014,74249.328438,"2014-06-08",NA,849.6571677
"420",6,8,2015,68815.764076,"2015-06-08",32.8,849.6571677
"421",6,9,2013,70277.1415016,"2013-06-09",22.5,850.1562872
"422",6,9,2014,75854.260707,"2014-06-09",NA,850.1562872
"423",6,9,2015,74141.2748521,"2015-06-09",28.8,850.1562872
"424",6,10,2013,79626.218546,"2013-06-10",23,850.6147954
"425",6,10,2014,78148.58650925,"2014-06-10",NA,850.6147954
"426",6,10,2015,74367.48852015,"2015-06-10",22,850.6147954
"427",6,11,2013,79209.895743,"2013-06-11",24.9,851.032354
"428",6,11,2014,80525.9473681,"2014-06-11",NA,851.032354
"429",6,11,2015,71518.91065674,"2015-06-11",22.5,851.032354
"430",6,12,2013,77815.840215896,"2013-06-12",29.1,851.4086542
"431",6,12,2014,79783.8647296855,"2014-06-12",NA,851.4086542
"432",6,12,2015,78564.1513147236,"2015-06-12",22.6,851.4086542
"433",6,13,2013,79288.06424788,"2013-06-13",22.3,851.7434176
"434",6,13,2014,75351.356149079,"2014-06-13",NA,851.7434176
"435",6,13,2015,76989.2891917,"2015-06-13",22.5,851.7434176
"436",6,14,2013,73150.125229,"2013-06-14",22.7,852.0363968
"437",6,14,2014,77317.561552876,"2014-06-14",NA,852.0363968
"438",6,14,2015,78139.05926,"2015-06-14",22.1,852.0363968
"439",6,15,2013,79575.368764,"2013-06-15",22.3,852.2873767
"440",6,15,2014,80366.73947725,"2014-06-15",NA,852.2873767
"441",6,15,2015,77935.883631,"2015-06-15",24.4,852.2873767
"442",6,16,2013,78422.509660255,"2013-06-16",21.3,852.4961741
"443",6,16,2014,75511.899451261,"2014-06-16",NA,852.4961741
"444",6,16,2015,76287.706253,"2015-06-16",24.9,852.4961741
"445",6,17,2013,80772.1574255,"2013-06-17",23.7,852.6626391
"446",6,17,2014,76870.444882769,"2014-06-17",NA,852.6626391
"447",6,17,2015,75739.0385091,"2015-06-17",26.5,852.6626391
"448",6,18,2013,78936.504171,"2013-06-18",25.4,852.7866551
"449",6,18,2014,78158.5239743,"2014-06-18",NA,852.7866551
"450",6,18,2015,77554.68696,"2015-06-18",27.9,852.7866551
"451",6,19,2013,79332.3780214,"2013-06-19",26.3,852.8681394
"452",6,19,2014,77243.321402,"2014-06-19",NA,852.8681394
"453",6,19,2015,78730.842034,"2015-06-19",24.8,852.8681394
"454",6,20,2013,77395.3106327,"2013-06-20",27.3,852.9070431
"455",6,20,2014,72922.494939248,"2014-06-20",NA,852.9070431
"456",6,20,2015,47894.7945638,"2015-06-20",21.5,852.9070431
"457",6,21,2013,78346.467643,"2013-06-21",27.6,852.9033515
"458",6,21,2014,75526.842878,"2014-06-21",NA,852.9033515
"459",6,21,2015,68656.11442537,"2015-06-21",21.6,852.9033515
"460",6,22,2013,74914.499061,"2013-06-22",28.2,852.8570839
"461",6,22,2014,77818.617769,"2014-06-22",NA,852.8570839
"462",6,22,2015,78197.1011279,"2015-06-22",24.3,852.8570839
"463",6,23,2013,76725.1184286,"2013-06-23",26.1,852.7682939
"464",6,23,2014,77784.3687279,"2014-06-23",NA,852.7682939
"465",6,23,2015,78620.4149787,"2015-06-23",23.1,852.7682939
"466",6,24,2013,80456.985144,"2013-06-24",26.7,852.637069
"467",6,24,2014,76605.397298,"2014-06-24",NA,852.637069
"468",6,24,2015,73077.825074,"2015-06-24",21.5,852.637069
"469",6,25,2013,80860.4716875,"2013-06-25",27,852.4635303
"470",6,25,2014,79314.2000941,"2014-06-25",NA,852.4635303
"471",6,25,2015,68924.0591717,"2015-06-25",20.5,852.4635303
"472",6,26,2013,78985.574674,"2013-06-26",27.9,852.2478322
"473",6,26,2014,75543.3069725,"2014-06-26",NA,852.2478322
"474",6,26,2015,70724.966493,"2015-06-26",22.9,852.2478322
"475",6,27,2013,79298.645273,"2013-06-27",26.8,851.990162
"476",6,27,2014,71557.561334,"2014-06-27",NA,851.990162
"477",6,27,2015,73024.5535297,"2015-06-27",28.7,851.990162
"478",6,28,2013,80526.6876297,"2013-06-28",26.3,851.6907395
"479",6,28,2014,72466.1006135,"2014-06-28",NA,851.6907395
"480",6,28,2015,62701.3548542,"2015-06-28",21.4,851.6907395
"481",6,29,2013,79632.494759,"2013-06-29",26.6,851.3498159
"482",6,29,2014,71858.6258035,"2014-06-29",NA,851.3498159
"483",6,29,2015,71229.5541146,"2015-06-29",21.9,851.3498159
"484",6,30,2013,80852.8110242,"2013-06-30",25.1,850.9676736
"485",6,30,2014,73147.7190546,"2014-06-30",NA,850.9676736
"486",6,30,2015,76011.690315,"2015-06-30",22.9,850.9676736
"487",7,1,2013,81656.831359,"2013-07-01",23.5,850.5446252
"488",7,1,2014,77196.13440733,"2014-07-01",NA,850.5446252
"489",7,1,2015,72421.0379423,"2015-07-01",27.4,850.5446252
"490",7,2,2013,78833.26997194,"2013-07-02",24.2,850.0810127
"491",7,2,2014,74946.5179223,"2014-07-02",NA,850.0810127
"492",7,2,2015,72871.8556445,"2015-07-02",25.5,850.0810127
"493",7,3,2013,78740.9409145,"2013-07-03",26.8,849.5772062
"494",7,3,2014,76893.4749505,"2014-07-03",NA,849.5772062
"495",7,3,2015,76326.1062657,"2015-07-03",24.4,849.5772062
"496",7,4,2013,79144.3070221,"2013-07-04",27.5,849.0336035
"497",7,4,2014,75575.8706792,"2014-07-04",NA,849.0336035
"498",7,4,2015,75571.036521,"2015-07-04",26.9,849.0336035
"499",7,5,2013,78529.70133974,"2013-07-05",28.1,848.4506286
"500",7,5,2014,77452.8286039,"2014-07-05",NA,848.4506286
"501",7,5,2015,72932.56191097,"2015-07-05",30.1,848.4506286
"502",7,6,2013,78217.5162457,"2013-07-06",27.1,847.8287306
"503",7,6,2014,74133.1076005,"2014-07-06",NA,847.8287306
"504",7,6,2015,72085.724908,"2015-07-06",27.8,847.8287306
"505",7,7,2013,75752.9595397,"2013-07-07",27.2,847.1683829
"506",7,7,2014,74629.86568194,"2014-07-07",NA,847.1683829
"507",7,7,2015,76880.277662767,"2015-07-07",24.4,847.1683829
"508",7,8,2013,74966.5789684,"2013-07-08",28,846.4700814
"509",7,8,2014,75178.01061699,"2014-07-08",NA,846.4700814
"510",7,8,2015,81122.332457,"2015-07-08",25.6,846.4700814
"511",7,9,2013,77377.5484758,"2013-07-09",25.6,845.7343436
"512",7,9,2014,74524.83758743,"2014-07-09",NA,845.7343436
"513",7,9,2015,77759.6253603,"2015-07-09",28.1,845.7343436
"514",7,10,2013,76590.59073694,"2013-07-10",24.4,844.9617074
"515",7,10,2014,72706.52568252,"2014-07-10",NA,844.9617074
"516",7,10,2015,78099.7183054,"2015-07-10",26,844.9617074
"517",7,11,2013,71706.7572034,"2013-07-11",24.3,844.1527296
"518",7,11,2014,74500.181729,"2014-07-11",NA,844.1527296
"519",7,11,2015,79289.1423315,"2015-07-11",25.3,844.1527296
"520",7,12,2013,77871.5722993,"2013-07-12",25.4,843.3079846
"521",7,12,2014,70070.4735718,"2014-07-12",NA,843.3079846
"522",7,12,2015,78656.9557106,"2015-07-12",24.9,843.3079846
"523",7,13,2013,77031.51844226,"2013-07-13",27.7,842.428063
"524",7,13,2014,73548.196042248,"2014-07-13",NA,842.428063
"525",7,13,2015,75763.6301029,"2015-07-13",26.6,842.428063
"526",7,14,2013,76771.725876942,"2013-07-14",27.1,841.5135705
"527",7,14,2014,75179.0001448,"2014-07-14",NA,841.5135705
"528",7,14,2015,76575.285740918,"2015-07-14",27.3,841.5135705
"529",7,15,2013,76223.70959984,"2013-07-15",28.3,840.5651262
"530",7,15,2014,72022.13100971,"2014-07-15",NA,840.5651262
"531",7,15,2015,77021.51828437,"2015-07-15",27.9,840.5651262
"532",7,16,2013,75584.11962467,"2013-07-16",26.9,839.5833615
"533",7,16,2014,75531.78291466,"2014-07-16",NA,839.5833615
"534",7,16,2015,78027.907495,"2015-07-16",27.7,839.5833615
"535",7,17,2013,72405.072373852,"2013-07-17",25.3,838.5689186
"536",7,17,2014,74776.25408,"2014-07-17",NA,838.5689186
"537",7,17,2015,77452.209874547,"2015-07-17",28,838.5689186
"538",7,18,2013,75613.675838125,"2013-07-18",24.5,837.5224495
"539",7,18,2014,71731.6631686,"2014-07-18",NA,837.5224495
"540",7,18,2015,78220.05836949,"2015-07-18",27.7,837.5224495
"541",7,19,2013,70279.8128275,"2013-07-19",23.9,836.4446141
"542",7,19,2014,68947.338562727,"2014-07-19",NA,836.4446141
"543",7,19,2015,76736.06197545,"2015-07-19",27.7,836.4446141
"544",7,20,2013,74931.9937889,"2013-07-20",25.5,835.3360794
"545",7,20,2014,62095.026726775,"2014-07-20",NA,835.3360794
"546",7,20,2015,75947.139295,"2015-07-20",27.8,835.3360794
"547",7,21,2013,76246.474643125,"2013-07-21",24.6,834.1975183
"548",7,21,2014,69009.00216259,"2014-07-21",NA,834.1975183
"549",7,21,2015,74779.545527924,"2015-07-21",29.1,834.1975183
"550",7,22,2013,77424.1901536,"2013-07-22",25.3,833.0296079
"551",7,22,2014,71312.94307625,"2014-07-22",NA,833.0296079
"552",7,22,2015,72792.360716442,"2015-07-22",30.1,833.0296079
"553",7,23,2013,75468.397152,"2013-07-23",28.3,831.8330286
"554",7,23,2014,71602.14849313,"2014-07-23",NA,831.8330286
"555",7,23,2015,72234.688903416,"2015-07-23",31.3,831.8330286
"556",7,24,2013,75501.84809112,"2013-07-24",28.1,830.6084631
"557",7,24,2014,73640.920503125,"2014-07-24",NA,830.6084631
"558",7,24,2015,71333.182119,"2015-07-24",32.7,830.6084631
"559",7,25,2013,76843.15863062,"2013-07-25",26.4,829.3565949
"560",7,25,2014,70879.981169875,"2014-07-25",NA,829.3565949
"561",7,25,2015,71903.9623734,"2015-07-25",31.1,829.3565949
"562",7,26,2013,76426.427076,"2013-07-26",27.3,828.0781076
"563",7,26,2014,72567.137681,"2014-07-26",NA,828.0781076
"564",7,26,2015,71958.044727,"2015-07-26",29,828.0781076
"565",7,27,2013,77174.962586,"2013-07-27",27.1,826.7736836
"566",7,27,2014,72714.387341,"2014-07-27",NA,826.7736836
"567",7,27,2015,70987.841208,"2015-07-27",28.3,826.7736836
"568",7,28,2013,74843.453765624,"2013-07-28",28.5,825.4440033
"569",7,28,2014,71200.351327,"2014-07-28",NA,825.4440033
"570",7,28,2015,72537.676866,"2015-07-28",26.9,825.4440033
"571",7,29,2013,75173.9865081,"2013-07-29",28.2,824.0897441
"572",7,29,2014,71923.6044593,"2014-07-29",NA,824.0897441
"573",7,29,2015,72716.801907,"2015-07-29",29.7,824.0897441
"574",7,30,2013,75756.62869145,"2013-07-30",26.8,822.7115793
"575",7,30,2014,71934.7975389,"2014-07-30",NA,822.7115793
"576",7,30,2015,72037.523682,"2015-07-30",30.4,822.7115793
"577",7,31,2013,74847.99156163,"2013-07-31",26.8,821.3101778
"578",7,31,2014,71573.477589,"2014-07-31",NA,821.3101778
"579",7,31,2015,70326.4605711,"2015-07-31",31.5,821.3101778
"580",8,1,2013,74562.561547932,"2013-08-01",27.4,819.8862027
"581",8,1,2014,71277.528408696,"2014-08-01",NA,819.8862027
"582",8,1,2015,68171.2417654,"2015-08-01",NA,819.8862027
"583",8,2,2013,73375.365559,"2013-08-02",28.7,818.440311
"584",8,2,2014,70175.984463,"2014-08-02",NA,818.440311
"585",8,2,2015,62951.0735825,"2015-08-02",NA,818.440311
"586",8,3,2013,73847.53201655,"2013-08-03",27.5,816.9731528
"587",8,3,2014,63684.4082844,"2014-08-03",NA,816.9731528
"588",8,3,2015,62463.12686803,"2015-08-03",NA,816.9731528
"589",8,4,2013,73405.1070259,"2013-08-04",25.9,815.4853705
"590",8,4,2014,55586.75825176,"2014-08-04",NA,815.4853705
"591",8,4,2015,62638.50070649,"2015-08-04",NA,815.4853705
"592",8,5,2013,72382.645796,"2013-08-05",28.3,813.9775986
"593",8,5,2014,64758.2446257,"2014-08-05",NA,813.9775986
"594",8,5,2015,62777.327328177,"2015-08-05",NA,813.9775986
"595",8,6,2013,73263.8764212163,"2013-08-06",28.6,812.4504627
"596",8,6,2014,69645.3898160277,"2014-08-06",NA,812.4504627
"597",8,6,2015,70438.626578513,"2015-08-06",NA,812.4504627
"598",8,7,2013,74102.802755464,"2013-08-07",28.2,810.9045794
"599",8,7,2014,68974.473067,"2014-08-07",NA,810.9045794
"600",8,7,2015,68017.256496447,"2015-08-07",NA,810.9045794
"601",8,8,2013,72193.955437,"2013-08-08",27.7,809.3405557
"602",8,8,2014,69350.91369575,"2014-08-08",NA,809.3405557
"603",8,8,2015,67552.5501632,"2015-08-08",NA,809.3405557
"604",8,9,2013,73489.0999426,"2013-08-09",27.6,807.7589886
"605",8,9,2014,62982.00614054,"2014-08-09",NA,807.7589886
"606",8,9,2015,70088.77302638,"2015-08-09",NA,807.7589886
"607",8,10,2013,69428.55027301,"2013-08-10",26.7,806.1604649
"608",8,10,2014,61762.01473471,"2014-08-10",NA,806.1604649
"609",8,10,2015,70777.56889281,"2015-08-10",NA,806.1604649
"610",8,11,2013,72294.2269916326,"2013-08-11",26.5,804.5455608
"611",8,11,2014,67509.72401275,"2014-08-11",NA,804.5455608
"612",8,11,2015,69498.18051435,"2015-08-11",NA,804.5455608
"613",8,12,2013,69115.51083935,"2013-08-12",26.2,802.9148415
"614",8,12,2014,67330.432668312,"2014-08-12",NA,802.9148415
"615",8,12,2015,66973.76626575,"2015-08-12",NA,802.9148415
"616",8,13,2013,69362.1557451,"2013-08-13",26.2,801.2688614
"617",8,13,2014,65324.13705194,"2014-08-13",NA,801.2688614
"618",8,13,2015,69475.0207459,"2015-08-13",NA,801.2688614
"619",8,14,2013,67681.904110343,"2013-08-14",28.6,799.6081636
"620",8,14,2014,64701.496958624,"2014-08-14",NA,799.6081636
"621",8,14,2015,68831.448342473,"2015-08-14",NA,799.6081636
"622",8,15,2013,68925.9824525,"2013-08-15",27.8,797.9332799
"623",8,15,2014,66386.488684312,"2014-08-15",NA,797.9332799
"624",8,15,2015,67488.838747538,"2015-08-15",NA,797.9332799
"625",8,16,2013,69406.4777855,"2013-08-16",28.4,796.2447307
"626",8,16,2014,67884.910250575,"2014-08-16",NA,796.2447307
"627",8,16,2015,63651.158856,"2015-08-16",NA,796.2447307
"628",8,17,2013,69699.7940065,"2013-08-17",29.1,794.5430249
"629",8,17,2014,64193.740147,"2014-08-17",NA,794.5430249
"630",8,17,2015,63790.020417,"2015-08-17",NA,794.5430249
"631",8,18,2013,69971.392253,"2013-08-18",27.5,792.82866
"632",8,18,2014,62416.072975,"2014-08-18",NA,792.82866
"633",8,18,2015,64404.568437,"2015-08-18",NA,792.82866
"634",8,19,2013,70358.060561,"2013-08-19",27.4,791.102122
"635",8,19,2014,63761.3172005,"2014-08-19",NA,791.102122
"636",8,19,2015,64876.517904,"2015-08-19",NA,791.102122
"637",8,20,2013,67985.1492994,"2013-08-20",28.5,789.3638854
"638",8,20,2014,64332.4999271,"2014-08-20",NA,789.3638854
"639",8,20,2015,65444.539029,"2015-08-20",NA,789.3638854
"640",8,21,2013,67980.84545856,"2013-08-21",28.3,787.6144136
"641",8,21,2014,65386.5405093,"2014-08-21",NA,787.6144136
"642",8,21,2015,65428.38849,"2015-08-21",NA,787.6144136
"643",8,22,2013,68289.9500097,"2013-08-22",27.6,785.8541587
"644",8,22,2014,65933.4221645,"2014-08-22",NA,785.8541587
"645",8,22,2015,66570.006888,"2015-08-22",NA,785.8541587
"646",8,23,2013,69149.9918969,"2013-08-23",26.2,784.0835615
"647",8,23,2014,64153.4535591,"2014-08-23",NA,784.0835615
"648",8,23,2015,63699.6779807,"2015-08-23",NA,784.0835615
"649",8,24,2013,64458.791473,"2013-08-24",25.1,782.3030522
"650",8,24,2014,63667.996749,"2014-08-24",NA,782.3030522
"651",8,24,2015,66968.1694306,"2015-08-24",NA,782.3030522
"652",8,25,2013,59439.996301884,"2013-08-25",26.4,780.5130502
"653",8,25,2014,63903.56124613,"2014-08-25",NA,780.5130502
"654",8,25,2015,53952.7598776,"2015-08-25",NA,780.5130502
"655",8,26,2013,66913.59173544,"2013-08-26",27.6,778.7139641
"656",8,26,2014,65103.7246666056,"2014-08-26",NA,778.7139641
"657",8,26,2015,65327.2790105,"2015-08-26",NA,778.7139641
"658",8,27,2013,64560.749902376,"2013-08-27",27.3,776.9061925
"659",8,27,2014,64118.925239712,"2014-08-27",NA,776.9061925
"660",8,27,2015,62997.142333024,"2015-08-27",NA,776.9061925
"661",8,28,2013,63228.396254874,"2013-08-28",28.3,775.0901239
"662",8,28,2014,60485.55465135,"2014-08-28",NA,775.0901239
"663",8,28,2015,65585.607895,"2015-08-28",NA,775.0901239
"664",8,29,2013,63219.891444397,"2013-08-29",28.6,773.2661369
"665",8,29,2014,62679.5273701806,"2014-08-29",NA,773.2661369
"666",8,29,2015,65095.722947878,"2015-08-29",NA,773.2661369
"667",8,30,2013,64565.734744713,"2013-08-30",29.5,771.4346006
"668",8,30,2014,60473.621510768,"2014-08-30",NA,771.4346006
"669",8,30,2015,64888.563244334,"2015-08-30",NA,771.4346006
"670",8,31,2013,63939.73708171,"2013-08-31",27.3,769.595875
"671",8,31,2014,57923.41001555,"2014-08-31",NA,769.595875
"672",8,31,2015,62294.63386865,"2015-08-31",NA,769.595875
"673",9,1,2013,61405.538222914,"2013-09-01",26.7,767.7503112
"674",9,1,2014,54410.69929063,"2014-09-01",NA,767.7503112
"675",9,2,2013,62166.43507677,"2013-09-02",28.6,765.8982516
"676",9,2,2014,57162.0988994,"2014-09-02",NA,765.8982516
"677",9,3,2013,62580.13636842,"2013-09-03",26.4,764.0400305
"678",9,3,2014,62071.207936,"2014-09-03",NA,764.0400305
"679",9,4,2013,55731.533468,"2013-09-04",24,762.1759744
"680",9,4,2014,59573.6429373,"2014-09-04",NA,762.1759744
"681",9,5,2013,53499.6843185,"2013-09-05",25.3,760.3064022
"682",9,5,2014,56893.708303,"2014-09-05",NA,760.3064022
"683",9,6,2013,63769.6132444,"2013-09-06",27.4,758.4316255
"684",9,6,2014,53718.217549163,"2014-09-06",NA,758.4316255
"685",9,7,2013,63639.07738325,"2013-09-07",24.9,756.5519497
"686",9,7,2014,55286.798976,"2014-09-07",NA,756.5519497
"687",9,8,2013,64242.65686,"2013-09-08",24.9,754.6676732
"688",9,8,2014,51109.943503216,"2014-09-08",NA,754.6676732
"689",9,9,2013,60579.828266,"2013-09-09",24.9,752.779089
"690",9,9,2014,55642.168975,"2014-09-09",NA,752.779089
"691",9,10,2013,60262.918343,"2013-09-10",26.4,750.8864843
"692",9,10,2014,58182.0327,"2014-09-10",NA,750.8864843
"693",9,11,2013,59376.4418599,"2013-09-11",28.6,748.9901413
"694",9,11,2014,56922.2170826,"2014-09-11",NA,748.9901413
"695",9,12,2013,58460.446625,"2013-09-12",30.2,747.0903375
"696",9,12,2014,58759.580712,"2014-09-12",NA,747.0903375
"697",9,13,2013,56829.782912,"2013-09-13",31.1,745.1873461
"698",9,13,2014,58047.597120958,"2014-09-13",NA,745.1873461
"699",9,14,2013,57225.6214595,"2013-09-14",31.3,743.2814366
"700",9,14,2014,57932.2857386,"2014-09-14",NA,743.2814366
"701",9,15,2013,58564.5048736,"2013-09-15",27.2,741.3728751
"702",9,15,2014,45943.166259,"2014-09-15",NA,741.3728751
"703",9,16,2013,62264.2366812,"2013-09-16",23.8,739.4619247
"704",9,16,2014,58380.87526864,"2014-09-16",NA,739.4619247
"705",9,17,2013,59607.7013888,"2013-09-17",25,737.5488463
"706",9,17,2014,52016.1105283,"2014-09-17",NA,737.5488463
"707",9,18,2013,51504.78839193,"2013-09-18",23.6,735.6338984
"708",9,18,2014,50976.04820577,"2014-09-18",NA,735.6338984
"709",9,19,2013,55537.801459,"2013-09-19",29.3,733.7173385
"710",9,19,2014,54571.47239057,"2014-09-19",NA,733.7173385
"711",9,20,2013,45137.1189513,"2013-09-20",23.7,731.7994225
"712",9,20,2014,53889.700618624,"2014-09-20",NA,731.7994225
"713",9,21,2013,40592.9676841,"2013-09-21",21.6,729.8804062
"714",9,21,2014,52026.64361627,"2014-09-21",NA,729.8804062
"715",9,22,2013,55218.597784,"2013-09-22",22.5,727.9605448
"716",9,22,2014,56216.65864,"2014-09-22",NA,727.9605448
"717",9,23,2013,55274.322048,"2013-09-23",22.2,726.0400943
"718",9,23,2014,49528.6772462,"2014-09-23",NA,726.0400943
"719",9,24,2013,46840.3644375,"2013-09-24",19.5,724.1193113
"720",9,24,2014,51184.6552545,"2014-09-24",NA,724.1193113
"721",9,25,2013,57664.610667,"2013-09-25",21.7,722.1984538
"722",9,25,2014,52802.455374,"2014-09-25",NA,722.1984538
"723",9,26,2013,60144.302896,"2013-09-26",25.5,720.2777816
"724",9,26,2014,47729.692993,"2014-09-26",NA,720.2777816
"725",9,27,2013,57368.41253775,"2013-09-27",23.6,718.3575569
"726",9,27,2014,50185.92925376,"2014-09-27",NA,718.3575569
"727",9,28,2013,61427.0313203,"2013-09-28",22,716.4380445
"728",9,28,2014,23528.1955824,"2014-09-28",NA,716.4380445
"729",9,29,2013,59584.164417796,"2013-09-29",23.2,714.5195126
"730",9,29,2014,42059.252899,"2014-09-29",NA,714.5195126
"731",9,30,2013,55561.17996739,"2013-09-30",25.3,712.6022334
"732",9,30,2014,37911.137457624,"2014-09-30",NA,712.6022334
"733",10,1,2013,56239.830593,"2013-10-01",24.2,710.6864829
"734",10,1,2014,46282.953645624,"2014-10-01",NA,710.6864829
"735",10,2,2013,57285.1359297,"2013-10-02",24.4,708.7725424
"736",10,2,2014,40098.937713,"2014-10-02",NA,708.7725424
"737",10,3,2013,47544.6674636,"2013-10-03",22.4,706.8606981
"738",10,3,2014,48318.5593345,"2014-10-03",NA,706.8606981
"739",10,4,2013,45977.421386,"2013-10-04",20.1,704.9512421
"740",10,4,2014,51259.77273322,"2014-10-04",NA,704.9512421
"741",10,5,2013,48024.6392934,"2013-10-05",17.8,703.0444728
"742",10,5,2014,51596.8440447,"2014-10-05",NA,703.0444728
"743",10,6,2013,50435.4266187,"2013-10-06",17.6,701.1406953
"744",10,6,2014,49293.27762715,"2014-10-06",NA,701.1406953
"745",10,7,2013,57373.6995419,"2013-10-07",18.4,699.2402219
"746",10,7,2014,47105.106492,"2014-10-07",NA,699.2402219
"747",10,8,2013,49594.06135,"2013-10-08",20.3,697.3433728
"748",10,8,2014,43876.518907,"2014-10-08",NA,697.3433728
"749",10,9,2013,54938.83140937,"2013-10-09",22.6,695.4504762
"750",10,9,2014,40160.7539023,"2014-10-09",NA,695.4504762
"751",10,10,2014,39585.869365,"2014-10-10",NA,693.5618692
"752",10,11,2013,51732.1440866,"2013-10-11",24.1,691.6778979
"753",10,11,2014,39199.896419,"2014-10-11",NA,691.6778979
"754",10,12,2013,53031.654186525,"2013-10-12",22.4,689.7989182
"755",10,12,2014,35667.5563377,"2014-10-12",NA,689.7989182
"756",10,13,2013,51549.59730347,"2013-10-13",23,687.9252961
"757",10,13,2014,44751.3757173,"2014-10-13",NA,687.9252961
"758",10,14,2013,50487.32543002,"2013-10-14",22.1,686.0574078
"759",10,14,2014,38314.724809063,"2014-10-14",NA,686.0574078
"760",10,15,2013,50481.571696144,"2013-10-15",23,684.1956411
"761",10,15,2014,34007.3206089,"2014-10-15",NA,684.1956411
"762",10,16,2013,48223.123771942,"2013-10-16",24.5,682.3403947
"763",10,16,2014,38452.11706193,"2014-10-16",NA,682.3403947
"764",10,17,2013,48385.944323,"2013-10-17",23.1,680.4920793
"765",10,17,2014,44632.156968952,"2014-10-17",NA,680.4920793
"766",10,18,2013,34680.94881081,"2013-10-18",21.5,678.6511181
"767",10,18,2014,44237.944654099,"2014-10-18",NA,678.6511181
"768",10,19,2013,32800.3035886,"2013-10-19",18.2,676.8179466
"769",10,19,2014,731.46214,"2014-10-19",NA,676.8179466
"770",10,20,2013,50050.915031,"2013-10-20",19.6,674.9930134
"771",10,21,2013,48597.886609,"2013-10-21",21.4,673.1767805
"772",10,21,2014,48056.623325,"2014-10-21",NA,673.1767805
"773",10,22,2013,46304.711904,"2013-10-22",25,671.3697236
"774",10,22,2014,41463.59998,"2014-10-22",NA,671.3697236
"775",10,23,2013,46363.0281073,"2013-10-23",23.3,669.5723323
"776",10,23,2014,48328.5974051,"2014-10-23",NA,669.5723323
"777",10,24,2013,46843.925132,"2013-10-24",21.1,667.7851106
"778",10,24,2014,45468.46359,"2014-10-24",NA,667.7851106
"779",10,25,2013,46109.14106945,"2013-10-25",20.7,666.0085769
"780",10,25,2014,45709.9134843,"2014-10-25",NA,666.0085769
"781",10,26,2013,45488.3488116,"2013-10-26",20.2,664.2432644
"782",10,26,2014,45062.7170842,"2014-10-26",NA,664.2432644
"783",10,27,2013,44542.15235915,"2013-10-27",20.3,662.4897212
"784",10,27,2014,44649.8081137,"2014-10-27",NA,662.4897212
"785",10,28,2013,45314.065713012,"2013-10-28",21,660.7485104
"786",10,28,2014,40445.951708,"2014-10-28",NA,660.7485104
"787",10,29,2013,42641.26753863,"2013-10-29",23.5,659.0202105
"788",10,29,2014,43312.80340275,"2014-10-29",NA,659.0202105
"789",10,30,2013,34184.1872129,"2013-10-30",20.6,657.305415
"790",10,30,2014,32141.634927,"2014-10-30",NA,657.305415
"791",10,31,2013,37931.3557087,"2013-10-31",19.6,655.6047328
"792",11,1,2013,32425.6696446,"2013-11-01",18.4,653.9187881
"793",11,2,2013,31054.660752978,"2013-11-02",18.3,652.2482204
"794",11,3,2013,42928.13110972,"2013-11-03",19.4,650.593684
"795",11,4,2013,41131.0505383,"2013-11-04",20.9,648.9558484
"796",11,4,2014,33014.8760121,"2014-11-04",NA,648.9558484
"797",11,5,2013,39517.54379291,"2013-11-05",22.5,647.3353975
"798",11,5,2014,30599.64233092,"2014-11-05",NA,647.3353975
"799",11,6,2013,39993.6329975293,"2013-11-06",23.2,645.7330299
"800",11,6,2014,44106.08660919,"2014-11-06",NA,645.7330299
"801",11,7,2013,32933.883721,"2013-11-07",21.5,644.1494578
"802",11,7,2014,44943.7921003,"2014-11-07",NA,644.1494578
"803",11,8,2013,28143.361919306,"2013-11-08",22.3,642.5854074
"804",11,8,2014,44615.9103096,"2014-11-08",NA,642.5854074
"805",11,9,2013,30317.42053272,"2013-11-09",19.4,641.0416179
"806",11,9,2014,41188.698336,"2014-11-09",NA,641.0416179
"807",11,10,2013,40548.7342747,"2013-11-10",21.2,639.5188408
"808",11,10,2014,40844.891537955,"2014-11-10",NA,639.5188408
"809",11,11,2013,40536.77222,"2013-11-11",19,638.0178399
"810",11,11,2014,38569.649728,"2014-11-11",NA,638.0178399
"811",11,12,2013,34052.07772,"2013-11-12",17.9,636.53939
"812",11,12,2014,38794.0647299,"2014-11-12",NA,636.53939
"813",11,13,2013,30548.5485974,"2013-11-13",19.6,635.0842764
"814",11,13,2014,35280.9559362,"2014-11-13",NA,635.0842764
"815",11,14,2013,38914.17288868,"2013-11-14",20.3,633.6532938
"816",11,14,2014,36159.2284046,"2014-11-14",NA,633.6532938
"817",11,15,2013,36063.7763523,"2013-11-15",19.4,632.2472458
"818",11,15,2014,39591.425707312,"2014-11-15",NA,632.2472458
"819",11,16,2013,39317.4177521,"2013-11-16",17.5,630.8669434
"820",11,16,2014,25199.1774057,"2014-11-16",NA,630.8669434
"821",11,17,2013,31911.796140412,"2013-11-17",15.5,629.5132043
"822",11,17,2014,23518.402547,"2014-11-17",NA,629.5132043
"823",11,18,2013,27402.7458524,"2013-11-18",15,628.1868513
"824",11,18,2014,37814.849188624,"2014-11-18",NA,628.1868513
"825",11,19,2013,36948.12767051,"2013-11-19",15.8,626.8887117
"826",11,19,2014,39738.3658372,"2014-11-19",NA,626.8887117
"827",11,20,2013,37226.8993047,"2013-11-20",16.1,625.6196152
"828",11,20,2014,38297.90653419,"2014-11-20",NA,625.6196152
"829",11,21,2013,36443.53230416,"2013-11-21",17.4,624.380393
"830",11,21,2014,26101.32653864,"2014-11-21",NA,624.380393
"831",11,22,2013,35274.4261015,"2013-11-22",20.8,623.1718764
"832",11,22,2014,23540.42479676,"2014-11-22",NA,623.1718764
"833",11,23,2013,32297.0082046,"2013-11-23",22.4,621.9948948
"834",11,23,2014,27383.137362,"2014-11-23",NA,621.9948948
"835",11,24,2013,32008.414889,"2013-11-24",17.6,620.8502744
"836",11,24,2014,12105.76812129,"2014-11-24",NA,620.8502744
"837",11,25,2013,34564.2412946,"2013-11-25",22.6,619.7388368
"838",11,25,2014,29089.040472403,"2014-11-25",NA,619.7388368
"839",11,26,2013,35951.554117249,"2013-11-26",27.2,618.6613967
"840",11,26,2014,15125.974086,"2014-11-26",NA,618.6613967
"841",11,27,2013,29829.9587652,"2013-11-27",27.2,617.6187603
"842",11,27,2014,7161.98385376,"2014-11-27",NA,617.6187603
"843",11,28,2013,34419.139711864,"2013-11-28",19.6,616.611724
"844",11,28,2014,34834.113193,"2014-11-28",NA,616.611724
"845",11,29,2013,22960.8868654,"2013-11-29",13.4,615.6410718
"846",11,29,2014,29790.245688,"2014-11-29",NA,615.6410718
"847",11,30,2013,37383.5764365,"2013-11-30",16.1,614.7075739
"848",11,30,2014,31835.6118198,"2014-11-30",NA,614.7075739
"849",12,1,2013,24955.0932554,"2013-12-01",18.5,613.8119845
"850",12,1,2014,31493.0064006,"2014-12-01",NA,613.8119845
"851",12,2,2013,24701.7680904,"2013-12-02",22.8,612.9550401
"852",12,2,2014,35007.9179177,"2014-12-02",NA,612.9550401
"853",12,3,2013,18429.228814,"2013-12-03",23.8,612.1374577
"854",12,3,2014,31857.171726,"2014-12-03",NA,612.1374577
"855",12,4,2013,20422.4878219,"2013-12-04",14.5,611.3599322
"856",12,4,2014,33802.22422496,"2014-12-04",NA,611.3599322
"857",12,5,2013,13720.1071003,"2013-12-05",10.8,610.6231354
"858",12,5,2014,34700.806583981,"2014-12-05",NA,610.6231354
"859",12,6,2013,14099.361313,"2013-12-06",10.2,609.9277132
"860",12,6,2014,33897.637350724,"2014-12-06",NA,609.9277132
"861",12,7,2013,32916.3199045,"2013-12-07",12.5,609.2742846
"862",12,7,2014,34223.61259925,"2014-12-07",NA,609.2742846
"863",12,8,2013,16039.897334,"2013-12-08",10.3,608.6634392
"864",12,8,2014,30916.32733222,"2014-12-08",NA,608.6634392
"865",12,9,2013,25583.1197041,"2013-12-09",9.4,608.0957359
"866",12,9,2014,22588.3325402,"2014-12-09",NA,608.0957359
"867",12,10,2013,11943.236231712,"2013-12-10",7.3,607.5717007
"868",12,10,2014,35839.70358595,"2014-12-10",NA,607.5717007
"869",12,11,2013,3977.397579027,"2013-12-11",6.2,607.0918257
"870",12,11,2014,32569.487532725,"2014-12-11",NA,607.0918257
"871",12,12,2013,672.344887971019,"2013-12-12",2.2,606.6565669
"872",12,12,2014,21623.5303529,"2014-12-12",NA,606.6565669
"873",12,13,2013,10456.808902334,"2013-12-13",0.2,606.2663433
"874",12,13,2014,37064.948377312,"2014-12-13",NA,606.2663433
"875",12,14,2013,4868.571139727,"2013-12-14",0.3,605.9215353
"876",12,14,2014,13155.311966,"2014-12-14",NA,605.9215353
"877",12,15,2013,26806.76592359,"2013-12-15",2.5,605.6224833
"878",12,15,2014,28712.6097815,"2014-12-15",NA,605.6224833
"879",12,16,2013,27288.433684556,"2013-12-16",5.2,605.3694869
"880",12,16,2014,36015.583548497,"2014-12-16",NA,605.3694869
"881",12,17,2013,23732.370747853,"2013-12-17",6.3,605.1628036
"882",12,17,2014,30435.23043573,"2014-12-17",NA,605.1628036
"883",12,18,2013,26762.5081614,"2013-12-18",9,605.0026483
"884",12,18,2014,24929.37148716,"2014-12-18",NA,605.0026483
"885",12,19,2013,28281.3821667,"2013-12-19",11.1,604.889192
"886",12,19,2014,17093.1439045,"2014-12-19",NA,604.889192
"887",12,20,2013,30909.04870394,"2013-12-20",10.3,604.8225618
"888",12,20,2014,27764.31170797,"2014-12-20",NA,604.8225618
"889",12,21,2013,34720.47524637,"2013-12-21",10.6,604.8028404
"890",12,21,2014,31215.6828413,"2014-12-21",NA,604.8028404
"891",12,22,2013,35278.3441361,"2013-12-22",12.4,604.8300652
"892",12,22,2014,21727.7834041,"2014-12-22",NA,604.8300652
"893",12,23,2013,37557.44914926,"2013-12-23",10.7,604.9042289
"894",12,23,2014,23782.8951342,"2014-12-23",NA,604.9042289
"895",12,24,2013,37696.6070241,"2013-12-24",10.4,605.0252792
"896",12,24,2014,30301.8152965,"2014-12-24",NA,605.0252792
"897",12,25,2013,35375.4063027,"2013-12-25",10.6,605.193119
"898",12,25,2014,37022.9677381,"2014-12-25",NA,605.193119
"899",12,26,2013,20917.097141,"2013-12-26",16.9,605.4076066
"900",12,26,2014,34676.5312008,"2014-12-26",NA,605.4076066
"901",12,27,2013,34888.779478,"2013-12-27",15.3,605.6685564
"902",12,27,2014,34833.7758296,"2014-12-27",NA,605.6685564
"903",12,28,2013,27000.673303245,"2013-12-28",14.5,605.9757395
"904",12,28,2014,34782.8786281,"2014-12-28",NA,605.9757395
"905",12,29,2013,18911.9868455,"2013-12-29",11.1,606.3288842
"906",12,29,2014,35247.73446152,"2014-12-29",NA,606.3288842
"907",12,30,2013,25305.97349977,"2013-12-30",9.1,606.7276772
"908",12,30,2014,34587.83855815,"2014-12-30",NA,606.7276772
"909",12,31,2013,21277.64600161,"2013-12-31",8.6,607.1717645
"910",12,31,2014,35496.17398844,"2014-12-31",NA,607.1717645
